CASRN,Listing in the 15th RoC
50-00-0,Known
50-18-0,Known
50-28-2,Known
50-29-3,RAHC
50-32-8,RAHC
50-55-5,RAHC
51-52-5,RAHC
51-79-6,RAHC
52-24-4,Known
53-16-7,Known
53-70-3,RAHC
53-96-3,RAHC
55-18-5,RAHC
55-86-7,RAHC
55-98-1,Known
56-23-5,RAHC
56-53-1,Known
56-55-3,RAHC
56-75-7,RAHC
57-14-7,RAHC
57-41-0,RAHC
57-57-8,RAHC
57-63-6,Known
57-83-0,RAHC
58-89-9,RAHC
59-89-2,RAHC
60-11-7,RAHC
61-82-5,RAHC
62-44-2,RAHC
62-50-0,RAHC
62-55-5,RAHC
62-56-6,RAHC
62-75-9,RAHC
63-92-3,RAHC
64-67-5,RAHC
66-27-3,RAHC
67-66-3,RAHC
67-72-1,RAHC
68-22-4,RAHC
70-25-7,RAHC
71-43-2,Known
71-48-7,RAHC
72-33-3,Known
75-01-4,Known
75-02-5,RAHC
75-07-0,RAHC
75-09-2,RAHC
75-21-8,Known
75-27-4,RAHC
75-52-5,RAHC
75-55-8,RAHC
75-56-9,RAHC
75-96-7,RAHC
77-09-8,RAHC
77-78-1,RAHC
78-00-2,RAHC
78-79-5,RAHC
79-01-6,Known
79-06-1,RAHC
79-43-6,RAHC
79-44-7,RAHC
79-46-9,RAHC
81-49-2,RAHC
82-28-0,RAHC
87-86-5,RAHC
88-06-2,RAHC
88-72-2,RAHC
90-04-0,RAHC
90-94-8,RAHC
91-08-7,RAHC
91-20-3,RAHC
91-23-6,RAHC
91-59-8,Known
91-94-1,RAHC
92-67-1,Known
92-87-5,Known
93-15-2,RAHC
94-59-7,RAHC
95-06-7,RAHC
95-53-4,Known
95-69-2,RAHC
95-80-7,RAHC
95-83-0,RAHC
96-09-3,RAHC
96-12-8,RAHC
96-13-9,RAHC
96-18-4,RAHC
96-45-7,RAHC
97-56-3,RAHC
98-07-7,RAHC
98-82-8,RAHC
98-95-3,RAHC
100-42-5,RAHC
100-75-4,RAHC
101-14-4,RAHC
101-61-1,RAHC
101-77-9,RAHC
101-80-4,RAHC
101-90-6,RAHC
106-46-7,RAHC
106-87-6,RAHC
106-89-8,RAHC
106-93-4,RAHC
106-94-5,RAHC
106-99-0,Known
107-06-2,RAHC
107-13-1,RAHC
107-30-2,Known
110-00-9,RAHC
115-28-6,RAHC
116-14-3,RAHC
117-10-2,RAHC
117-79-3,RAHC
117-81-7,RAHC
118-74-1,RAHC
119-90-4,RAHC
119-93-7,RAHC
120-71-8,RAHC
122-66-7,RAHC
123-91-1,RAHC
126-72-7,RAHC
126-99-8,RAHC
127-18-4,RAHC
131-52-2,RAHC
134-29-2,RAHC
135-20-6,RAHC
136-35-6,RAHC
136-40-3,RAHC
139-13-9,RAHC
139-65-1,RAHC
143-50-0,RAHC
148-82-3,Known
154-93-8,RAHC
189-55-9,RAHC
189-64-0,RAHC
191-30-0,RAHC
192-65-4,RAHC
193-39-5,RAHC
194-59-2,RAHC
205-82-3,RAHC
205-99-2,RAHC
207-08-9,RAHC
224-42-0,RAHC
226-36-8,RAHC
298-81-7,Known
302-01-2,RAHC
303-47-9,RAHC
305-03-3,Known
313-67-7,Known
319-84-6,RAHC
319-85-7,RAHC
320-67-2,RAHC
366-70-1,RAHC
373-02-4,Known
434-07-1,RAHC
443-48-1,RAHC
446-86-6,Known
475-80-9,Known
505-60-2,Known
509-14-8,RAHC
513-37-1,RAHC
542-75-6,RAHC
542-88-1,Known
556-52-5,RAHC
563-47-3,RAHC
569-61-9,RAHC
584-84-9,RAHC
593-60-2,RAHC
612-82-8,RAHC
612-83-9,RAHC
621-64-7,RAHC
630-93-3,RAHC
631-64-1,RAHC
671-16-9,RAHC
680-31-9,RAHC
684-93-5,RAHC
759-73-9,RAHC
924-16-3,RAHC
930-55-2,RAHC
1116-54-7,RAHC
1120-71-4,RAHC
1304-56-9,Known
1309-64-4,RAHC
1313-99-1,Known
1314-20-1,Known
1327-53-3,Known
1332-21-4,Known
1333-82-0,Known
1335-32-6,RAHC
1336-36-3,RAHC
1402-68-2,Known
1464-53-5,RAHC
1746-01-6,Known
1836-75-5,RAHC
1937-37-7,Known
2385-85-5,RAHC
2425-06-1,RAHC
2429-74-5,RAHC
2475-45-8,RAHC
2602-46-2,Known
3165-93-3,RAHC
3296-90-0,RAHC
3697-24-3,RAHC
4342-03-4,RAHC
4549-40-0,RAHC
5278-95-5,RAHC
5522-43-0,RAHC
5589-96-8,RAHC
6459-94-5,RAHC
7439-92-1,RAHC
7440-02-0,RAHC
7440-38-2,Known
7440-41-7,Known
7440-43-9,Known
7440-48-4,RAHC
7446-27-7,RAHC
7446-34-6,RAHC
7496-02-8,RAHC
7631-89-2,Known
7646-79-9,RAHC
7664-93-9,Known
7775-11-3,Known
7778-44-1,Known
7778-50-9,Known
7784-40-9,Known
7784-46-5,Known
7786-81-4,Known
7787-47-5,Known
7787-56-6,Known
7788-98-9,Known
7789-00-6,Known
7789-06-2,Known
7789-09-5,Known
8001-35-2,RAHC
8007-45-2,Known
9004-66-4,RAHC
10026-24-1,RAHC
10034-93-2,RAHC
10043-92-2,Known
10108-64-2,Known
10124-43-3,RAHC
10141-05-6,RAHC
10540-29-1,Known
10588-01-9,Known
11104-61-3,RAHC
11113-75-0,Known
11119-70-3,Known
12001-28-4,Known
12001-29-5,Known
12035-72-2,Known
12054-48-7,Known
12126-59-9,Known
12172-73-5,Known
12653-56-4,RAHC
13010-47-4,RAHC
13256-22-9,RAHC
13327-32-7,Known
13464-35-2,Known
13510-49-1,Known
13530-65-9,Known
13552-44-8,RAHC
13598-00-0,Known
13598-15-7,Known
13654-09-6,RAHC
13765-19-0,Known
13909-09-6,Known
14464-46-1,Known
14808-60-7,Known
15347-57-6,RAHC
15468-32-3,Known
15663-27-1,RAHC
16071-86-6,Known
16543-55-8,RAHC
18540-29-9,Known
18883-66-4,RAHC
23214-92-8,RAHC
23246-96-0,RAHC
25013-16-5,RAHC
25316-40-9,RAHC
25638-88-4,Known
26471-62-5,RAHC
36355-01-8,RAHC
39156-41-7,RAHC
42397-64-8,RAHC
42397-65-9,RAHC
54749-90-5,RAHC
57835-92-4,RAHC
59865-13-3,Known
61288-13-9,RAHC
64091-91-4,RAHC
65996-93-2,Known
66104-24-3,Known
66733-21-9,Known
71133-14-7,RAHC
76180-96-6,RAHC
77094-11-2,RAHC
77500-04-0,RAHC
77536-66-4,Known
77536-67-5,Known
77536-68-6,Known
105650-23-5,RAHC
108171-26-2,RAHC